<?xml version="1.0" encoding="UTF-8"?>
<beans xmlns="http://www.springframework.org/schema/beans"
    xmlns:xsi="http://www.w3.org/2001/XMLSchema-instance"
    xsi:schemaLocation="http://www.springframework.org/schema/beans
        http://www.springframework.org/schema/beans/spring-beans.xsd">
    
    <!-- 호출할 생성자 지정하기 -->
    
    <!-- 생성자의 파라미터 값을 주지 않으면 기본 생성자가 호출된다.  -->
    <bean id="c1" class="bitcamp.java106.step03.Car"/>
    
    <!-- 다른 생성자 호출하기 : 
         파라미터 값을 설정하면 그 값에 맞는 생성자가 선택되어 호출된다.  -->
    <bean id="c2" class="bitcamp.java106.step03.Car">
        <constructor-arg>
            <value>티코</value>
        </constructor-arg>
    </bean>
    
    <!-- 한 개의 파라미터 값을 받는 생성자가 여러 개 있을 경우,
         String 타입의 값을 받는 생성자가 우선하여 선택된다. -->
    <bean id="c3" class="bitcamp.java106.step03.Car">
        <constructor-arg>
            <value>1980</value>
        </constructor-arg>
    </bean>
    
    <!-- 한 개의 파라미터를 가지는 생성자가 여러 개 있을 경우, 
         특정 생성자를 지정하고 싶다면 파라미터의 타입을 지정하라! -->
    <bean id="c4" class="bitcamp.java106.step03.Car">
        <constructor-arg>
            <value type="int">1980</value>
        </constructor-arg>
    </bean>
    
    <!-- 파라미터가 여러 개인 생성자를 호출할 경우 
         IoC 컨테이너가 가장 적합한 생성자를 찾아 호출한다. -->
    <bean id="c5" class="bitcamp.java106.step03.Car">
        <constructor-arg>
            <value type="java.lang.String">소나타</value>
        </constructor-arg>
        <constructor-arg>
            <value type="int">1980</value>
        </constructor-arg>
    </bean>
    <bean id="c6" class="bitcamp.java106.step03.Car">
        <constructor-arg>
            <value type="int">1980</value>
        </constructor-arg>
        <constructor-arg>
            <value type="java.lang.String">소나타</value>
        </constructor-arg>
    </bean>
    
    <!-- 파라미터의 값을 설정할 때 이름을 지정해도 
         개발자가 임의로 특정 생성자를 호출하게 제어할 수 없다.
         IoC 컨테이너가 판단하여 적절한 생성자를 호출한다. -->
    <bean id="c7" class="bitcamp.java106.step03.Car">
        <constructor-arg name="cc">
            <value type="int">1980</value>
        </constructor-arg>
        <constructor-arg name="model">
            <value type="java.lang.String">소나타</value>
        </constructor-arg>
    </bean>
    <bean id="c8" class="bitcamp.java106.step03.Car">
        <constructor-arg name="model">
            <value type="java.lang.String">소나타</value>
        </constructor-arg>
        <constructor-arg name="cc">
            <value type="int">1980</value>
        </constructor-arg>
    </bean>
    
    <!-- index 속성을 사용하여 파라미터 값이 들어가는 순서를 지정할 수 있다.
         즉 개발자가 어떤 생성자를 호출할 지 지정할 수 있다. -->
    <bean id="c9" class="bitcamp.java106.step03.Car">
        <constructor-arg index="0">
            <value type="java.lang.String">소나타</value>
        </constructor-arg>
        <constructor-arg index="1">
            <value type="int">1980</value>
        </constructor-arg>
    </bean>
    <bean id="c10" class="bitcamp.java106.step03.Car">
        <constructor-arg index="0">
            <value type="int">1980</value>
        </constructor-arg>
        <constructor-arg index="1">
            <value type="java.lang.String">소나타</value>
        </constructor-arg>
    </bean>
</beans>







