<?xml version="1.0" encoding="UTF-8"?>
<beans xmlns="http://www.springframework.org/schema/beans"
    xmlns:xsi="http://www.w3.org/2001/XMLSchema-instance"
    xsi:schemaLocation="http://www.springframework.org/schema/beans
        http://www.springframework.org/schema/beans/spring-beans.xsd">
    
    <!-- 빈의 이름을 지정하는 다양한 방법 -->
    
    <!-- id: 빈의 이름 -->
    <bean id="c1" class="bitcamp.java106.step02.Car"/>
    
    <!-- name: 빈의 별명 -->
    <bean id="c2" name="c3" class="bitcamp.java106.step02.Car"/>   
    
    <!-- id를 지정하지 않고 name만 지정하면 name이 id로 사용된다. -->
    <bean name="c4" class="bitcamp.java106.step02.Car"/>  
    
    <!-- name 속성에 여러 개의 별명을 지정할 수 있다. -->
    <bean id="c5" name="c51 c52 c53" class="bitcamp.java106.step02.Car"/>  
    <bean id="c6" name="c61,c62,c63" class="bitcamp.java106.step02.Car"/>  
    <bean id="c7" name="c71;c72;c73" class="bitcamp.java106.step02.Car"/> 
    
    <!-- name 속성에 여러 개의 별명을 입력할 때 공백, 콤마(,), 세미콜론(;)을 
         사용할 수 있다. 그 외에는 불가하다! -->
    <bean id="c8" name="c81:c82:c83" class="bitcamp.java106.step02.Car"/>  

    <!-- id 없이 name에 여러 개의 별명을 지정할 때는 그 중에서 첫 번째 별명이 
         id로 사용된다. -->
    <bean name="c91 c92 c93" class="bitcamp.java106.step02.Car"/>
</beans>







