<?xml version="1.0" encoding="UTF-8"?>
<beans xmlns="http://www.springframework.org/schema/beans"
    xmlns:p="http://www.springframework.org/schema/p"
    xmlns:xsi="http://www.w3.org/2001/XMLSchema-instance"
    xsi:schemaLocation="http://www.springframework.org/schema/beans
        http://www.springframework.org/schema/beans/spring-beans.xsd">
    
    <!-- 컬렉션 타입의 프로퍼티 값 설정하기 -->
    
    <bean id="c1" class="bitcamp.java106.step05.Car">
        <!-- 배열 프로퍼티 값 설정하기 -->
        <property name="tires">
            <array>
                <bean class="bitcamp.java106.step05.Tire" 
                      p:maker="금호타이어" p:width="180"/>
                <bean class="bitcamp.java106.step05.Tire" 
                      p:maker="금호타이어" p:width="180"/>
                <bean class="bitcamp.java106.step05.Tire" 
                      p:maker="한국타이어" p:width="180"/>
                <bean class="bitcamp.java106.step05.Tire" 
                      p:maker="한국타이어" p:width="180"/>
                <bean class="bitcamp.java106.step05.Tire" 
                      p:maker="비트타이어" p:width="100"/>
            </array>
        </property>
    </bean>
    
    <bean id="c2" class="bitcamp.java106.step05.Car">
        <!-- 배열 프로퍼티 값 설정하기 -->
        <property name="tires">
            <list> <!-- array 태그 대신에 list 태그를 사용해도 된다. -->
                <bean class="bitcamp.java106.step05.Tire" 
                      p:maker="금호타이어" p:width="180"/>
                <bean class="bitcamp.java106.step05.Tire" 
                      p:maker="금호타이어" p:width="180"/>
                <bean class="bitcamp.java106.step05.Tire" 
                      p:maker="한국타이어" p:width="180"/>
                <bean class="bitcamp.java106.step05.Tire" 
                      p:maker="한국타이어" p:width="180"/>
                <bean class="bitcamp.java106.step05.Tire" 
                      p:maker="비트타이어" p:width="100"/>
            </list>
        </property>
    </bean>
          
</beans>






