<?xml version="1.0" encoding="UTF-8"?>
<beans xmlns="http://www.springframework.org/schema/beans"
    xmlns:p="http://www.springframework.org/schema/p"
    xmlns:xsi="http://www.w3.org/2001/XMLSchema-instance"
    xsi:schemaLocation="http://www.springframework.org/schema/beans
        http://www.springframework.org/schema/beans/spring-beans.xsd">
    
    <!-- 컬렉션 타입의 프로퍼티 값 설정하기 -->
    
    <bean id="c1" class="bitcamp.java106.step05.Car4">
        <!-- Properties 프로퍼티 값 설정하기  -->
        <property name="options">
            <props>
                <prop key="sunroof">true</prop>
                <prop key="auto">true</prop>
                <prop key="jdbc.username">java106</prop>
                <prop key="jdbc.password">1111</prop>
            </props>
        </property>
    </bean>
</beans>






