<?xml version="1.0" encoding="UTF-8"?>
<beans xmlns="http://www.springframework.org/schema/beans"
    xmlns:p="http://www.springframework.org/schema/p"
    xmlns:xsi="http://www.w3.org/2001/XMLSchema-instance"
    xsi:schemaLocation="http://www.springframework.org/schema/beans
        http://www.springframework.org/schema/beans/spring-beans.xsd">
    
    <!-- 의존 객체 주입할 때 태그를 선언하는 순서를 따지지 않는다. 
         셋터를 호출할 때 해당 객체가 없으면 
         즉시 해당 객체를 찾아 생성한다.
    -->
    
    <bean id="c1" class="bitcamp.java106.step04.Car">
        <property name="model" value="티코A"/>
        <property name="engine" ref="e1"/>
        <property name="maker" value="비트자동차"/>
        <property name="cc" value="890"/>
    </bean>
    
    <bean id="e1" class="bitcamp.java106.step04.Engine">
        <property name="maker" value="비트자동차"/>
        <property name="valve" value="16"/>
        <property name="cylinder" value="8"/>
    </bean>
</beans>






