<?xml version="1.0" encoding="UTF-8"?>
<beans xmlns="http://www.springframework.org/schema/beans"
    xmlns:p="http://www.springframework.org/schema/p"
    xmlns:xsi="http://www.w3.org/2001/XMLSchema-instance"
    xsi:schemaLocation="http://www.springframework.org/schema/beans
        http://www.springframework.org/schema/beans/spring-beans.xsd">
    
    <!-- 프로퍼티 설정하기 = 셋터 호출하기 -->
    
    <bean id="c1" class="bitcamp.java106.step04.Car">
        <property name="model"><value type="java.lang.String">티코</value></property>
        <property name="maker"><value type="java.lang.String">비트자동차</value></property>
        <property name="cc"><value type="int">890</value></property>
    </bean>
    <!-- 위의 설정의 자바 코드로 표현:  
        Car c1 = new Car();
        c1.setModel("티코");
        c1.setMaker("비트자동차");
        c1.setCc(Integer.parseInt("890"));
        
        objPool.put("c1", c1);
    -->
    
    <!-- 프로퍼티의 타입을 생략하면 IoC 컨테이너가 프로퍼티의 타입에 맞춰서 
         String을 형변환한다. -->
    <bean id="c2" class="bitcamp.java106.step04.Car">
        <property name="model"><value>티코</value></property>
        <property name="maker"><value>비트자동차</value></property>
        <property name="cc"><value>890</value></property>
    </bean>
    
    <!-- value 태그 대신에 property 태그의 value 속성으로 값을 지정할 수 있다. -->
    <bean id="c3" class="bitcamp.java106.step04.Car">
        <property name="model" value="티코"/>
        <property name="maker" value="비트자동차"/>
        <property name="cc" value="890"/>
    </bean>
    
    <!-- property 태그 대신에 bean의 속성으로 프로퍼티 값을 설정할 수 있다.
         단 beans 태그에 다음 선언을 추가해야 한다.
         => xmlns:별명="http://www.springframework.org/schema/p"
         예) 
         xmlns:p="http://www.springframework.org/schema/p"
         xmlns:okok="http://www.springframework.org/schema/p"
         xmlns:nono="http://www.springframework.org/schema/p"
         
         설정하는 방법:
         p:프로퍼티명="값"
          -->
    <bean id="c4" class="bitcamp.java106.step04.Car"
          p:model="티코" p:maker="비트자동차" p:cc="890"/>
          
</beans>






