<?xml version="1.0" encoding="UTF-8"?>
<beans xmlns="http://www.springframework.org/schema/beans"
    xmlns:p="http://www.springframework.org/schema/p"
    xmlns:xsi="http://www.w3.org/2001/XMLSchema-instance"
    xsi:schemaLocation="http://www.springframework.org/schema/beans
        http://www.springframework.org/schema/beans/spring-beans.xsd">
    
    <!-- 팩토리 메서드를 통해 객체를 만들기 -->
    
    <bean id="c1" class="bitcamp.java106.step06.CarFactory"
          factory-method="create">
        <constructor-arg value="티코"/>
    </bean>
    <!--
        속성:
            factory-method="스태틱 메서드 이름"
            class="스태틱 메서드가 들어있는 클래스 이름"
        자바 코드:
            Object obj = CarFactory.create("티코");
            objPool.put("c1", obj);
     -->
    
    <bean id="c2" class="bitcamp.java106.step06.CarFactory"
          factory-method="create">
        <constructor-arg value="소나타"/>
    </bean>
    
    <bean id="c3" class="bitcamp.java106.step06.CarFactory"
          factory-method="create">
        <constructor-arg value="오호라"/>
    </bean>
          
</beans>






