<?xml version="1.0" encoding="UTF-8"?>
<beans xmlns="http://www.springframework.org/schema/beans"
    xmlns:p="http://www.springframework.org/schema/p"
    xmlns:context="http://www.springframework.org/schema/context" 
    xmlns:xsi="http://www.w3.org/2001/XMLSchema-instance"
    xsi:schemaLocation="http://www.springframework.org/schema/beans
        http://www.springframework.org/schema/beans/spring-beans.xsd
        http://www.springframework.org/schema/context
        http://www.springframework.org/schema/context/spring-context.xsd">
        
        <!-- 클래스에 붙은 특정 애노테이션을 처리할 BeanPostProcessor 등록하기.
        @Autowired =>  AutowiredAnnotationBeanPostProcessor
        @Qualifier => ?
        @Resources => ?
        @...       => ?
                    위와 같이 특정 애노테이션을 처리하고 싶다면 그 애노테이션을 처리할 객체를 등록해야 한다.
                    문제는 각각의 애노테이션에 대해 어떤 클래스가 처리하는지 암기를 해야하고,
                    그 클래스를 다음 AutowiredAnnotationBeanPostProcessor와 같이  등록해야한다.
            ==> 결론 매우 번거롭고 불편하다
                                    그래서 스프링 프레임워크는 이런 개발자의 어려움을 덜어주고자
                                    애노테이션을 처리할 클래스를 자동 등록하는 특별한 단축 태그를 제공한다.
         --> 
    <!-- <bean class="org.springframework.beans.factory.annotation.AutowiredAnnotationBeanPostProcessor"/>
     -->
    <context:annotation-config/>  <!-- 이것을 추가함으로써 암기할 필요가 사라진다. -->
    <!-- 위의 태그를 추가하면, 갭잘자가 일일이 BeanPostProcessor를 등록할 필요가 없다.
                     내부적으로 관련된 BeanPostProcessor를 자동으로 등록한다.
                     따라서 개발자가 애노테ㅣ션을 처리할 BeanPostProcessor가 누구인지
                      암기할 필요가 없어서 편하다. -->
    
    <bean id="c1" class="bitcamp.java106.step08.Car6">
        <property name ="model" value="티코"/>
        <property name ="maker" value="비트자동차"/>
        <property name ="cc" value="890"/>
        <property name ="auto" value="true"/>
        
    </bean>
   
    <bean id="e1" class="bitcamp.java106.step08.Engine">
        <property name="maker" value="비트자동차"/>
        <property name="valve" value="16"/>
        <property name="cylinder" value="4"/>
    </bean>
    
     <bean id="e2" class="bitcamp.java106.step08.Engine">
        <property name="maker" value="캠프자동차"/>
        <property name="valve" value="32"/>
        <property name="cylinder" value="8"/>
    </bean>
    
    </beans>
    






