<?xml version="1.0" encoding="UTF-8"?>
<beans xmlns="http://www.springframework.org/schema/beans"
    xmlns:p="http://www.springframework.org/schema/p"
    xmlns:context="http://www.springframework.org/schema/context"
    xmlns:xsi="http://www.w3.org/2001/XMLSchema-instance"
    xsi:schemaLocation="http://www.springframework.org/schema/beans
        http://www.springframework.org/schema/beans/spring-beans.xsd
        http://www.springframework.org/schema/context
        http://www.springframework.org/schema/context/spring-context.xsd">
    
    <context:annotation-config/>
    
    
    <!-- 다음과 같이 객체를 생성하기 위해 bean 태그를 사용하지 않고도
                    객체를 자동 생성할수 있다.
                    방법은?
                    클래스 선언에 @Component 애노테이션을 붙이는 것이다.
                    단 이 애노테이션을 처리할 객체를 등록해야 한다.-->
    <context:component-scan base-package="bitcamp.java106.step09"></context:component-scan>
                    
                    
    <!-- <bean id="c1" class="bitcamp.java106.step08.Car">
        <property name="model" value="티코"/>
        <property name="maker" value="비트자동차"/>
        <property name="cc" value="890"/>
        <property name="auto" value="true"/>
        의존 객체 주입
        <property name="engine" ref="e1"/>
    </bean>
    
    <bean id="e1" class="bitcamp.java106.step08.Engine">
        <property name="maker" value="비트자동차"/>
        <property name="valve" value="16"/>
        <property name="cylinder" value="4"/>
    </bean> -->
</beans>





