<?xml version="1.0" encoding="UTF-8"?>
<beans xmlns="http://www.springframework.org/schema/beans"
	xmlns:p="http://www.springframework.org/schema/p" xmlns:xsi="http://www.w3.org/2001/XMLSchema-instance"
	xsi:schemaLocation="http://www.springframework.org/schema/beans
        http://www.springframework.org/schema/beans/spring-beans.xsd">

	<!-- 팩토리 메서드를 통해 객체를 만들기 -->

	<bean id="c1" class="bitcamp.java106.step07.Car">
		<property name="model" value="티코" />
		<property name="maker" value="비트자동차" />
		<property name="cc" value="890" />
		<property name="auto" value="true" />
		<!-- String을 java.sql.Date 객체로 바꿔주는 프로퍼티 에디터(변환기)가
		             설정 되어 있기 때문에 
		             이제 그냥 문자열을 지정해도 된다. 이것을 안주었을때 Exam01처럼 오류가난다.
		             Exam01과 다른 모습이 보인다. -->
		<property name="createdDate" value="2018-5-8" />
			</bean>
		
	

	<!-- String 값을 java.sql.Date 객체로 변환시키는 프로퍼티 에디터 장착하기 -->
	<!-- Spring IoC 컨테이너는 XML 설정 파일을 읽을 떄:
	            만약 CustomEditorConfigurer 객체가  정의되어 있다면
	            그 객체를 설정파일에 정의된 대로 만들고 준비시킨다.
	            그리고 프로퍼티 값을 저장할 때 이 객체에 정의된 프로퍼티 에디터를 사용할 것이다. -->
	<bean class="org.springframework.beans.factory.config.CustomEditorConfigurer">
		<property name="customEditors">
			<map>
			 <!-- 프로퍼티 에디터를 설정하는 방법.
			      key: String 값을 어떤 타입의 값으로 바꿀 것인지에 대한 타입 이름이다.
			      value: 커스텀 에디터(프로퍼티 값 변환기) 클래스 이름이다. 
			      의미 ???
			      ==> 스프링 IoC 컨테이너가 프로퍼티 값을 설정할 떄 
			                         특히 String 값을 java.sql.Date 객체로 바꿔야 할 때
			                         이 클래스를 사용하여 값을 바꾸라는 뜻이다.
			      -->
				 <entry key="java.sql.Date"
				        value="bitcamp.java106.step07.CustomDateEditor" /> 
			</map>
		</property>
	</bean>
</beans>







