<?xml version="1.0" encoding="UTF-8"?>
<beans xmlns="http://www.springframework.org/schema/beans"
	xmlns:p="http://www.springframework.org/schema/p" xmlns:xsi="http://www.w3.org/2001/XMLSchema-instance"
	xsi:schemaLocation="http://www.springframework.org/schema/beans
        http://www.springframework.org/schema/beans/spring-beans.xsd">

	<!-- 팩토리 메서드를 통해 객체를 만들기 -->

	<bean id="c1" class="bitcamp.java106.step07.Car">
		<property name="model" value="티코" />
		<property name="maker" value="비트자동차" />
		<property name="cc" value="890" />
		<property name="auto" value="true" />
		
		<property name="createdDate" value="2018-5-8" />
		<!-- 추가한부분  -->
		<property name="engine" value="비트자동차,16,4"/>
			</bean>
	
	<bean class="org.springframework.beans.factory.config.CustomEditorConfigurer">
		<property name="customEditors">
			<map>
			
				 <entry key="java.sql.Date"
				        value="bitcamp.java106.step07.CustomDateEditor" /> 
				 <entry key="bitcamp.java106.step07.Engine"
                        value="bitcamp.java106.step07.CustomEngineEditor" /> 
			</map>
		</property>
	</bean>
</beans>







